{
  "2017-05-01T10:00:00": {
    "indiP": [
      [1191.72, 1185.83, 1185.85, 1185.5, 1188.11, 1193.09],
      [
        7040.3353820829261,
        7040.3353820829261,
        7040.3353820829261,
        7040.3353820829261,
        7040.3353820829261,
        7040.3353820829261
      ],
      -4.0,
      4.0,
      "%diff"
    ],
    "imep": [
      [12.487, 11.6046, 11.0856, 12.2692, 12.9092, 12.3672],
      [-1000.0, -1000.0, -1000.0, -1000.0, -1000.0, -1000.0]
    ],
    "bmep": [[11.677323665320463], [11.436312072564977]],
    "co2Em": [[-1000.0], [0.99324446778880715]],
    "pscav": [[2.43166], [2.2603477237617691], -10.0, 10.0, "%diff"],
    "pexh": [[2.23166], [2.2000248508817628], -10.0, 10.0, "%diff"],
    "torque": [[894.83494729882023], [876.35844921800128]],
    "flowComp": [[-1000.0], [16.750891110951443]],
    "flowOutTurb": [[-1000.0], [16.926350694673925]],
    "tEff": [[-1000.0], [0.8105212827870597]],
    "bsfc": [[-1000.0], [169.24801728499676], -5.0, 5.0, "%diff"],
    "backT1": [[17.687538], [16.863810593978954]],
    "tTurbO1": [[239.609], [198.0]],
    "ttTurbO1": [[-1000.0], [224.21227343114762]],
    "afPd1": [[11.1905], [8.8729778341131436]],
    "pdac1": [[2.4264], [2.4650837995652144], -25.0, 25.0, "%diff"],
    "acDelT1": [[39.8412], [54.920635998138067]],
    "tcPbroilIn1": [[2.1], [-1000.0]],
    "KpiAPmax": [
      [14.0, 14.0, 14.0, 14.0, 14.0, 14.0],
      [-1000.0, -1000.0, -1000.0, -1000.0, -1000.0, -1000.0]
    ],
    "KpiApign": [
      [0.5, 0.6, 0.5, 0.6, 0.5, 0.6],
      [-1000.0, -1000.0, -1000.0, -1000.0, -1000.0, -1000.0]
    ],
    "KpiPign": [
      [97.6165, 91.4075, 97.238, 91.4441, 97.2082, 98.2378],
      [-1000.0, -1000.0, -1000.0, -1000.0, -1000.0, -1000.0]
    ],
    "EVCpercyl": [
      [296.2, 296.2, 296.2, 296.2, 296.2, 296.2],
      [294.6, 294.6, 294.6, 294.6, 294.6, 294.6],
      -5,
      5,
      "diff"
    ],
    "Texh": [
      [
        307.89775865891505,
        307.89775865891505,
        307.89775865891505,
        307.89775865891505,
        307.89775865891505,
        307.89775865891505
      ],
      [
        293.64379099561069,
        308.03176949023435,
        299.64379099561069,
        295.1414791676537,
        300.54332863001929,
        310.44286626442789
      ],
      -5,
      5,
      "diff%"
    ],
    "ServoPress": [[202.9646815], [201.6646126], -5, 5, "diff"],
    "Stroke": [
      [75.396, 75.396, 75.396, 75.396, 75.396, 75.396],
      [75.0045],
      -3,
      3,
      "diff%"
    ],
    "EVOpercyl": [
      [125.2, 125.2, 125.2, 125.2, 125.2, 125.2],
      [125.7, 125.7, 125.7, 125.7, 125.7, 125.7],
      -5,
      5,
      "diff"
    ],
    "Pmax": [
      [118.354, 118.354, 118.354, 118.354, 118.354, 118.354],
      [
        116.88078419513217,
        116.88078419513217,
        116.88078419513217,
        116.88078419513217,
        116.88078419513217,
        116.88078419513217
      ],
      -3,
      3,
      "diff%"
    ],
    "Pcomp": [
      [97.238, 91.4075, 97.238, 91.4075, 97.2082, 98.2378],
      [
        96.416840850042263,
        96.416840850042263,
        96.416840850042263,
        96.416840850042263,
        96.416840850042263,
        96.416840850042263
      ],
      -3,
      3,
      "diff%"
    ],
    "Tscav": [[55.16465511], [54.966953558256748], -7, 7, "diff%"],
    "Tliner": [
      [211.0, 212.0, 204.5, 204.5, 207.0, 206.0],
      [206.8, 206.6, 208.1, 208.1, 207.6, 207.8],
      -3,
      3,
      "diff%"
    ],
    "FuelPress": [[604.2253361], [599.2934967], -3, 3, "diff%"],
    "tTurboilIn": [[59.0], [55], ["-"], 0, "diff"],
    "tTurboilOut": [[79.0], [80], ["-"], 0, "diff"],
    "TCspeed": [[16926.0], [17012.250796538036], -3, 3, "diff%"],
    "Tturbin": [[385.242], [397.60434658929222], -7, 7, "diff%"],
    "Pscav": [[2.43166], [2.2603477237617691], -7, 7, "diff%"],
    "AuxiliaryBlRunning": [0.0],
    "SurgeMargin": [[7.992743181937767], -5, 5],
    "GAVConcentrationUnder": [[5.7508425], [5.7508425], -50.0, 50.0, "diff%"],
    "GAVTiming1": [
      [242.4, 242.4, 242.4, 242.4, 242.4, 242.4],
      [243.0, 243.0, 243.0, 243.0, 243.0, 243.0],
      -5,
      5,
      "diff%"
    ],
    "GAVDuration1": [
      [
        20.999999999999972,
        20.999999999999972,
        20.999999999999972,
        20.999999999999972,
        20.999999999999972,
        20.999999999999972
      ],
      [20.0, 20.0, 20.0, 20.0, 20.0, 20.0],
      -7,
      7,
      "diff%"
    ],
    "GASrailFuel": [[8.281299459], [8.265668679], -5, 5, "diff%"],
    "GAVDuration2": [
      [
        20.999999999999972,
        20.999999999999972,
        20.999999999999972,
        20.999999999999972,
        20.999999999999972,
        20.999999999999972
      ],
      [20.0, 20.0, 20.0, 20.0, 20.0, 20.0],
      -7,
      7,
      "diff%"
    ],
    "GASrailExh": [[8.266984566], [8.265668679], -5, 5, "diff%"],
    "GAVTiming2": [
      [242.4, 242.4, 242.4, 242.4, 242.4, 242.4],
      [243.0, 243.0, 243.0, 243.0, 243.0, 243.0],
      -5,
      5,
      "diff%"
    ],
    "lwtAftDev": [
      5.1666666666666572,
      4.1666666666666572,
      -3.8333333333333428,
      -2.8333333333333428,
      -0.83333333333334281,
      -1.8333333333333428
    ],
    "PistonUnderSideTemp": [
      [
        63.40056291,
        63.16465511,
        63.16465511,
        70.16465511,
        63.16465511,
        63.16465511
      ],
      [
        62.16465511,
        62.16465511,
        62.16465511,
        62.16465511,
        62.16465511,
        62.16465511
      ],
      -15,
      15,
      "diff"
    ],
    "PressureRise": [
      [
        21.116,
        26.9465,
        21.116,
        26.9465,
        21.145799999999994,
        20.116200000000006
      ],
      [
        20.463943345089902,
        20.463943345089902,
        20.463943345089902,
        20.463943345089902,
        20.463943345089902,
        20.463943345089902
      ],
      -0.2,
      0.2,
      "diff%"
    ],
    "lwtForeDev": [
      1.8333333333333428,
      4.8333333333333428,
      -2.1666666666666572,
      -3.1666666666666572,
      -0.16666666666665719,
      -1.1666666666666572
    ]
  }
}
