{
  "indiP": [
    [
      1185.94,
      1191.56,
      1186.94,
      1185.62,
      1189.28,
      1189.21
    ],
    [
      7034.045969339696,
      7034.045969339696,
      7034.045969339696,
      7034.045969339696,
      7034.045969339696,
      7034.045969339696
    ],
    -4,
    4,
    "%diff"
  ],
  "imep": [
    [
      12.4381,
      11.63,
      11.2005,
      12.2367,
      12.8494,
      12.36
    ],
    [
      -1000,
      -1000,
      -1000,
      -1000,
      -1000,
      -1000
    ]
  ],
  "bmep": [
    [
      11.66955725648315
    ],
    [
      11.435430785173597
    ]
  ],
  "co2Em": [
    [
      -1000
    ],
    [
      0.9923730488794268
    ]
  ],
  "pscav": [
    [
      2.4243
    ],
    [
      2.2638624948163004
    ],
    -10,
    10,
    "%diff"
  ],
  "pexh": [
    [
      2.2243
    ],
    [
      2.2033857016298546
    ],
    -10,
    10,
    "%diff"
  ],
  "torque": [
    [
      894.2398063023197
    ],
    [
      876.2903997704117
    ]
  ],
  "flowComp": [
    [
      -1000
    ],
    [
      16.78384890410693
    ]
  ],
  "flowOutTurb": [
    [
      -1000
    ],
    [
      16.962162461437227
    ]
  ],
  "tEff": [
    [
      -1000
    ],
    [
      0.8104300941433361
    ]
  ],
  "bsfc": [
    [
      -1000
    ],
    [
      169.181722323883
    ],
    -5,
    5,
    "%diff"
  ],
  "backT1": [
    [
      17.664835
    ],
    [
      16.818088406452077
    ]
  ],
  "tTurbO1": [
    [
      239.179
    ],
    [
      198
    ]
  ],
  "ttTurbO1": [
    [
      -1000
    ],
    [
      223.06947252941197
    ]
  ],
  "afPd1": [
    [
      11.3212
    ],
    [
      8.847259103629277
    ]
  ],
  "pdac1": [
    [
      2.41193
    ],
    [
      2.4680169743222597
    ],
    -25,
    25,
    "%diff"
  ],
  "acDelT1": [
    [
      39.8021
    ],
    [
      54.72622110101217
    ]
  ],
  "tcPbroilIn1": [
    [
      2.8
    ],
    [
      -1000
    ]
  ],
  "KpiAPmax": [
    [
      14,
      14,
      14,
      14,
      14,
      14
    ],
    [
      -1000,
      -1000,
      -1000,
      -1000,
      -1000,
      -1000
    ]
  ],
  "KpiApign": [
    [
      0.5,
      0.6,
      0.5,
      0.6,
      0.5,
      0.6
    ],
    [
      -1000,
      -1000,
      -1000,
      -1000,
      -1000,
      -1000
    ]
  ],
  "KpiPign": [
    [
      97.5823,
      91.4507,
      97.1301,
      91.7551,
      97.3049,
      98.2961
    ],
    [
      -1000,
      -1000,
      -1000,
      -1000,
      -1000,
      -1000
    ]
  ],
  "EVCpercyl": [
    [
      296.2,
      296.2,
      296.2,
      296.2,
      296.2,
      296.2
    ],
    [
      294.6,
      294.6,
      294.6,
      294.6,
      294.6,
      294.6
    ],
    -5,
    5,
    "diff"
  ],
  "Texh": [
    [
      314.93718015192206,
      314.93718015192206,
      314.93718015192206,
      314.93718015192206,
      314.93718015192206,
      314.93718015192206
    ],
    [
      293.4357958237502,
      307.6722474366534,
      299.4357958237502,
      294.90434421084694,
      300.32950550116954,
      310.2232151785889
    ],
    -5,
    5,
    "diff%"
  ],
  "ServoPress": [
    [
      202.3262499
    ],
    [
      200.537438
    ],
    -5,
    5,
    "diff"
  ],
  "Stroke": [
    [
      75.396,
      75.396,
      75.396,
      75.396,
      75.396,
      75.396
    ],
    [
      75.0045
    ],
    -3,
    3,
    "diff%"
  ],
  "EVOpercyl": [
    [
      125.2,
      125.2,
      125.2,
      125.2,
      125.2,
      125.2
    ],
    [
      125.7,
      125.7,
      125.7,
      125.7,
      125.7,
      125.7
    ],
    -5,
    5,
    "diff"
  ],
  "Pmax": [
    [
      118.7412,
      118.7412,
      118.7412,
      118.7412,
      118.7412,
      118.7412
    ],
    [
      117.0271481923556,
      117.0271481923556,
      117.0271481923556,
      117.0271481923556,
      117.0271481923556,
      117.0271481923556
    ],
    -3,
    3,
    "diff%"
  ],
  "Pcomp": [
    [
      97.1301,
      91.4507,
      97.1301,
      91.4507,
      97.3049,
      98.2961
    ],
    [
      96.54062309682031,
      96.54062309682031,
      96.54062309682031,
      96.54062309682031,
      96.54062309682031,
      96.54062309682031
    ],
    -3,
    3,
    "diff%"
  ],
  "Tscav": [
    [
      54.96660181
    ],
    [
      54.76252272948051
    ],
    -7,
    7,
    "diff%"
  ],
  "Tliner": [
    [
      211,
      212,
      204.5,
      204.5,
      207,
      206
    ],
    [
      206.8,
      206.6,
      208.1,
      208.1,
      207.6,
      207.8
    ],
    -3,
    3,
    "diff%"
  ],
  "FuelPress": [
    [
      604.5672835
    ],
    [
      600.081566
    ],
    -3,
    3,
    "diff%"
  ],
  "tTurboilIn": [
    [
      59
    ],
    [
      55
    ],
    [
      "-"
    ],
    0,
    "diff"
  ],
  "tTurboilOut": [
    [
      79
    ],
    [
      80
    ],
    [
      "-"
    ],
    0,
    "diff"
  ],
  "TCspeed": [
    [
      16881
    ],
    [
      17002.91368002132
    ],
    -3,
    3,
    "diff%"
  ],
  "Tturbin": [
    [
      384.739
    ],
    [
      396.21265921839614
    ],
    -7,
    7,
    "diff%"
  ],
  "Pscav": [
    [
      2.4243
    ],
    [
      2.2638624948163004
    ],
    -7,
    7,
    "diff%"
  ],
  "AuxiliaryBlRunning": [
    0
  ],
  "SurgeMargin": [
    [
      7.97565674105625
    ],
    -5,
    5
  ],
  "GAVConcentrationUnder": [
    [
      5.4057627
    ],
    [
      5.547322075
    ],
    -50,
    50,
    "diff%"
  ],
  "GAVTiming1": [
    [
      242.4,
      242.4,
      242.4,
      242.4,
      242.4,
      242.4
    ],
    [
      243,
      243,
      243,
      243,
      243,
      243
    ],
    -5,
    5,
    "diff%"
  ],
  "GAVDuration1": [
    [
      20.99999999999997,
      20.99999999999997,
      20.99999999999997,
      20.99999999999997,
      20.99999999999997,
      20.99999999999997
    ],
    [
      20,
      20,
      20,
      20,
      20,
      20
    ],
    -7,
    7,
    "diff%"
  ],
  "GASrailFuel": [
    [
      8.286746826
    ],
    [
      8.206298519
    ],
    -5,
    5,
    "diff%"
  ],
  "GAVDuration2": [
    [
      20.99999999999997,
      20.99999999999997,
      20.99999999999997,
      20.99999999999997,
      20.99999999999997,
      20.99999999999997
    ],
    [
      20,
      20,
      20,
      20,
      20,
      20
    ],
    -7,
    7,
    "diff%"
  ],
  "GASrailExh": [
    [
      8.245998199
    ],
    [
      8.206298519
    ],
    -5,
    5,
    "diff%"
  ],
  "GAVTiming2": [
    [
      242.4,
      242.4,
      242.4,
      242.4,
      242.4,
      242.4
    ],
    [
      243,
      243,
      243,
      243,
      243,
      243
    ],
    -5,
    5,
    "diff%"
  ],
  "lwtAftDev": [
    5.166666666666657,
    4.166666666666657,
    -3.833333333333343,
    -2.833333333333343,
    -0.8333333333333428,
    -1.8333333333333428
  ],
  "PistonUnderSideTemp": [
    [
      63.57204718,
      62.96660181,
      62.96660181,
      69.96660181,
      62.96660181,
      62.96660181
    ],
    [
      61.96660181,
      61.96660181,
      61.96660181,
      61.96660181,
      61.96660181,
      61.96660181
    ],
    -15,
    15,
    "diff"
  ],
  "PressureRise": [
    [
      21.611100000000008,
      27.29050000000001,
      21.611100000000008,
      27.29050000000001,
      21.436300000000003,
      20.44510000000001
    ],
    [
      20.486525095535285,
      20.486525095535285,
      20.486525095535285,
      20.486525095535285,
      20.486525095535285,
      20.486525095535285
    ],
    -0.2,
    0.2,
    "diff%"
  ],
  "lwtForeDev": [
    1.8333333333333428,
    4.833333333333343,
    -2.166666666666657,
    -3.166666666666657,
    -0.1666666666666572,
    -1.1666666666666572
  ]
}

